{
    "styles": {
        "Regular-No-IF_OWN_ICON_EXISTS": {
            "nodes": {
                "_res_salary": [
                    216.36824850217553,
                    0.0
                ],
                "_res_salary/_extraf-salary": [
                    15.551546734993813,
                    3.0732401554039717
                ],
                "_fun_drivers": [
                    0.0,
                    0.0
                ],
                "_fun_drivers/_extrar-drivers": [
                    101.44348145254003,
                    45.9310887702806
                ],
                "_mult": [
                    89.43308004225325,
                    0.60456949966159
                ]
            },
            "edges": {
                "_res_salary/_extraf-salary-edge-0": [
                    [
                        28.88153330725944,
                        10.4655443851403
                    ],
                    [
                        38.88153330725944,
                        10.4655443851403
                    ],
                    [
                        60.538018549333316,
                        10.4655443851403
                    ],
                    [
                        60.538018549333316,
                        10.465544385140298
                    ],
                    [
                        82.1945037914072,
                        10.465544385140298
                    ],
                    [
                        92.1945037914072,
                        10.465544385140298
                    ]
                ],
                "_fun_drivers/_extrar-drivers-edge-0": [
                    [
                        41.67165629309928,
                        53.32339300001693
                    ],
                    [
                        51.67165629309928,
                        53.32339300001693
                    ],
                    [
                        71.55756887281966,
                        53.32339300001693
                    ],
                    [
                        71.55756887281966,
                        53.32339300001693
                    ],
                    [
                        91.44348145254003,
                        53.32339300001693
                    ],
                    [
                        101.44348145254003,
                        53.32339300001693
                    ]
                ],
                "(_fun_drivers:drivers)-(_mult:_op)": [
                    [
                        41.67165629309928,
                        10.465544385140298
                    ],
                    [
                        51.67165629309928,
                        10.465544385140298
                    ],
                    [
                        66.63079529242246,
                        10.465544385140298
                    ],
                    [
                        66.63079529242246,
                        10.465544385140298
                    ],
                    [
                        81.58993429174564,
                        10.465544385140298
                    ],
                    [
                        91.58993429174564,
                        10.465544385140298
                    ]
                ],
                "(_mult:_res)-(_res_salary:salary)": [
                    [
                        169.21139425268314,
                        10.465544385140298
                    ],
                    [
                        179.21139425268314,
                        10.465544385140298
                    ],
                    [
                        194.17053325200632,
                        10.465544385140298
                    ],
                    [
                        194.17053325200632,
                        10.465544385140298
                    ],
                    [
                        209.1296722513295,
                        10.465544385140298
                    ],
                    [
                        219.1296722513295,
                        10.465544385140298
                    ]
                ]
            }
        }
    }
}