{
    "styles": {
        "Regular-No-IF_OWN_ICON_EXISTS": {
            "nodes": {
                "_fun_drivers": [
                    0.0,
                    0.0
                ],
                "_res_salary": [
                    96.25801595533918,
                    42.94386927527701
                ],
                "_mult": [
                    89.43308004225325,
                    0.6045694996615865
                ],
                "_fun_monitor": [
                    0.0,
                    0.0
                ],
                "_fun_monitor/_extrar-monitor": [
                    106.47649384267675,
                    3.0884249393395153
                ],
                "_res_salary/_extraf-salary": [
                    16.416918439095376,
                    46.03229421461653
                ]
            },
            "edges": {
                "(_fun_drivers:drivers)-(_mult:_op)": [
                    [
                        41.67165629309928,
                        10.516147107308264
                    ],
                    [
                        51.67165629309928,
                        10.516147107308264
                    ],
                    [
                        66.63079529242246,
                        10.516147107308264
                    ],
                    [
                        66.63079529242246,
                        10.516147107308264
                    ],
                    [
                        81.58993429174564,
                        10.516147107308264
                    ],
                    [
                        91.58993429174564,
                        10.516147107308264
                    ]
                ],
                "(_mult:_res)-(_res_salary:salary)": [
                    [
                        169.21139425268314,
                        10.516147107308264
                    ],
                    [
                        179.21139425268314,
                        10.516147107308264
                    ],
                    [
                        194.1705332520063,
                        10.516147107308264
                    ],
                    [
                        194.1705332520063,
                        10.516147107308264
                    ],
                    [
                        209.12967225132948,
                        10.516147107308264
                    ],
                    [
                        219.12967225132948,
                        10.516147107308264
                    ]
                ],
                "_fun_monitor/_extrar-monitor-edge-0": [
                    [
                        48.49659220618522,
                        10.516147107308264
                    ],
                    [
                        58.49659220618522,
                        10.516147107308264
                    ],
                    [
                        77.48654302443099,
                        10.516147107308264
                    ],
                    [
                        77.48654302443099,
                        10.516147107308266
                    ],
                    [
                        96.47649384267675,
                        10.516147107308266
                    ],
                    [
                        106.47649384267675,
                        10.516147107308266
                    ]
                ],
                "_res_salary/_extraf-salary-edge-0": [
                    [
                        34.84109751624381,
                        53.46001638258528
                    ],
                    [
                        44.84109751624381,
                        53.46001638258528
                    ],
                    [
                        66.93026861036847,
                        53.46001638258528
                    ],
                    [
                        66.93026861036847,
                        53.460016382585266
                    ],
                    [
                        89.01943970449314,
                        53.460016382585266
                    ],
                    [
                        99.01943970449314,
                        53.460016382585266
                    ]
                ]
            }
        }
    }
}