{
    "styles": {
        "Regular-No-IF_OWN_ICON_EXISTS": {
            "nodes": {
                "_fun_routing_policy_parameters": [
                    0.0,
                    133.56127981321066
                ],
                "_ir": [
                    194.14561971510483,
                    120.86996994885855
                ],
                "_lim": [
                    291.88173727170675,
                    0.0
                ],
                "_lim1": [
                    274.84825948850363,
                    44.721949770957394
                ],
                "_lim2": [
                    274.84825948850363,
                    89.44389954191482
                ],
                "_lim3": [
                    276.51450399533957,
                    134.16584931287224
                ],
                "_lim4": [
                    276.51450399533957,
                    178.88779908382963
                ],
                "_lim5": [
                    279.847000638406,
                    223.60974885478706
                ],
                "_lim6": [
                    291.88173727170675,
                    268.3316986257445
                ]
            },
            "edges": {
                "(_fun_routing_policy_parameters:routing_policy_parameters)-(_ir:_muxed)": [
                    [
                        146.38419596595082,
                        144.02682419835097
                    ],
                    [
                        156.38419596595082,
                        144.02682419835097
                    ],
                    [
                        171.343334965274,
                        144.02682419835097
                    ],
                    [
                        171.343334965274,
                        144.02682419835094
                    ],
                    [
                        186.3024739645972,
                        144.02682419835094
                    ],
                    [
                        196.3024739645972,
                        144.02682419835094
                    ]
                ],
                "(_ir:alighting_time_per_student)-(_lim2:_l2)": [
                    [
                        227.69140523901126,
                        138.02682419835094
                    ],
                    [
                        237.69140523901126,
                        138.02682419835094
                    ],
                    [
                        254.34825948850363,
                        138.02682419835094
                    ],
                    [
                        254.34825948850363,
                        99.30487442739353
                    ],
                    [
                        267.005113737996,
                        99.30487442739353
                    ],
                    [
                        277.005113737996,
                        99.30487442739353
                    ]
                ],
                "(_ir:boarding_time_per_student)-(_lim1:_l1)": [
                    [
                        227.69140523901126,
                        132.02682419835094
                    ],
                    [
                        237.69140523901126,
                        132.02682419835094
                    ],
                    [
                        250.34825948850363,
                        132.02682419835094
                    ],
                    [
                        250.34825948850363,
                        54.582924656436106
                    ],
                    [
                        267.005113737996,
                        54.582924656436106
                    ],
                    [
                        277.005113737996,
                        54.582924656436106
                    ]
                ],
                "(_ir:coverage_ratio)-(_lim6:_l6)": [
                    [
                        227.69140523901126,
                        162.02682419835094
                    ],
                    [
                        237.69140523901126,
                        162.02682419835094
                    ],
                    [
                        260.8649983801052,
                        162.02682419835094
                    ],
                    [
                        260.8649983801052,
                        278.1926735112232
                    ],
                    [
                        284.0385915211991,
                        278.1926735112232
                    ],
                    [
                        294.0385915211991,
                        278.1926735112232
                    ]
                ],
                "(_ir:max_ride_time)-(_lim3:_l3)": [
                    [
                        227.69140523901126,
                        144.02682419835094
                    ],
                    [
                        237.69140523901126,
                        144.02682419835094
                    ],
                    [
                        253.1813817419216,
                        144.02682419835094
                    ],
                    [
                        253.1813817419216,
                        144.02682419835094
                    ],
                    [
                        268.67135824483194,
                        144.02682419835094
                    ],
                    [
                        278.67135824483194,
                        144.02682419835094
                    ]
                ],
                "(_ir:max_rounds_per_bus)-(_lim:_l)": [
                    [
                        227.69140523901126,
                        126.02682419835094
                    ],
                    [
                        237.69140523901126,
                        126.02682419835094
                    ],
                    [
                        260.8649983801052,
                        126.02682419835094
                    ],
                    [
                        260.8649983801052,
                        9.860974885478708
                    ],
                    [
                        284.0385915211991,
                        9.860974885478708
                    ],
                    [
                        294.0385915211991,
                        9.860974885478708
                    ]
                ],
                "(_ir:school_arrival_slack)-(_lim4:_l4)": [
                    [
                        227.69140523901126,
                        150.02682419835094
                    ],
                    [
                        237.69140523901126,
                        150.02682419835094
                    ],
                    [
                        253.1813817419216,
                        150.02682419835094
                    ],
                    [
                        253.1813817419216,
                        188.74877396930833
                    ],
                    [
                        268.67135824483194,
                        188.74877396930833
                    ],
                    [
                        278.67135824483194,
                        188.74877396930833
                    ]
                ],